mean_radius,std_radius,mean_force,std_force,mean_gap,mean_brake
0.6940489499682975,0.08380281024633086,1.7086179412467006,0.3228854114844955,0.0033388817900241096,4.530063867004834e-05
